	1068841_20180306_S	1112926_20171212_S	1128691_20171206_S	1128691_20171218_S	1128691_20180116_S	1162967_20180116_S	1255498_20171212_S	1282052_20180206_S	1316935_20180417_S	1316979_20171215_S	1447437_20171006_S	1465461_20180406_S	1470026_20180502_S	1565754_20171128_S	1565754_20180403_S	1586713_20180309_S	1593967_20180424_S	1593973_20180427_S	1593973_20180504_S	1598281_20180508_S	1651490_20171010_S	1651490_20180206_S	1658447_20171006_S	1664053_20180406_S	1690154_20180406_S	1723809_20180227_S	1834617_20180501_S	1845116_20180403_S	1862551_20180123_S	623361_20180123_S	634207_20180510_S	634207_20180517_S	639354_20171206_S	642660_20180601_S	650003_20180207_S	650003_20180213_S	652927_20180226_S	658355_20170925_S	658355_20171204_S	658355_20180122_S	658355_20180301_S	658355_20180321_S	670829_20170922_S	670829_20171001_S	670829_20171005_S	670829_20180201_S	673895_20180122_S	673895_20180205_S	676138_20171001_S	676138_20171009_S	676138_20180130_S	676138_20180323_S	676138_20180405_S	698564_20171001_S	698564_20180215_S	698564_20181205_S	698917_20171207_S	698917_20180119_S	698917_20180128_S	698917_20180329_S	701099_20180504_S	701099_20180517_S	715927_20180205_S	715927_20180213_S	717449_20180606_S	720054_20170925_S	720054_20171120_S	748160_20180321_S	748160_20180329_S	748699_20180329_S	748699_20180410_S	748699_20190101_S	748699_20190109_S	748699_20190114_S	752797_20170918_S	752797_20170927_S	752797_20180306_S	753522_20180606_S	756934_20181205_S	756934_20181218_S	763742_20170925_S	763742_20180129_S	768745_20171123_S	768745_20171206_S	768745_20190228_BAL	768745_20190228_S	770560_20181211_S	770560_20181218_S	770560_20190109_S	770590_20170925_S	770590_20180115_S	773911_20171213_S	773911_20180130_S	777599_20180306_S	777851_20170918_S	778851_20171204_S	778851_20180212_S	785991_20171129_S	785991_20171206_S	785991_20171213_S	785991_20180215_S	785991_20180321_S	788707_20171213_S	788707_20180129_S	788707_20180301_S	788707_20180308_S	788707_20180313_S	788707_20181116_S	788707_20181126_S	802187_20180321_S	802971_20180605_S	810653_20180115_S	825012_20171123_S	825012_20171129_S	825012_20171206_S	825012_20181113_S	825012_20181120_S	825012_20181126_S	848255_20190228_S	875028_20180115_S	877469_20190115_S	892355_20180123_S	895293_20180502_S	896213_20180427_S	913873_20180417_S	980574_20180403_S	983493_20180123_S
Amino Acids and Derivatives	74394.2077565809	83639.8451136496	99322.7140459275	94632.247788195	96007.3109133874	89402.0961581299	77276.248682668	92554.1944964696	65183.8799666327	89575.9155232527	78657.4458271237	73038.3525513396	65964.9482025973	66973.6263890641	76617.9198309527	78976.9900477013	73863.3666853553	73580.7813187881	76156.1253478625	70050.2475573526	82843.1682944648	92379.7895357579	74406.270450888	70074.0345505354	75459.854488877	73544.28629609	84729.8249714025	65080.2291862709	54657.4999530346	72613.1580076556	61786.9737123894	62762.4895719289	90353.1947859183	84329.1465414909	83567.0534029248	68542.4263323217	67619.0426538774	82844.4746903244	75476.4842959838	74195.2380645141	75487.9064592759	75555.4604156511	70919.0945584692	66328.5753727152	71169.9816155763	86611.0512222843	100990.374471586	74563.8780735101	120002.728680687	80328.9369085	74583.2814352915	86875.1973413212	77291.5597603367	88802.5791335645	81898.8584069856	73860.9792545218	71479.9785015668	74824.8953937263	78781.4178630524	84054.9302071361	62045.4391446509	71769.4006447278	79869.9539002939	73133.8081819287	78547.8271556028	73712.3182026888	72029.833373879	60108.3184116637	56040.1594699841	74048.5705779694	75349.7173155161	81790.1850082445	77717.6012408088	77916.5247290446	84010.6799786258	73439.939567747	85110.1167252497	85913.2286171805	75164.4411082261	70231.4448307882	76088.6809318369	78846.1063315981	69998.0410042602	71495.0169801191	88280.8218766908	77570.5948508544	65832.5115992794	77813.9638243558	81632.4893867841	61710.6443877818	77710.0229159534	75249.9678319586	66339.3047903332	58715.6005647551	74046.9503666366	72480.5705934023	75429.7923114857	76237.4921520115	75448.1336965989	70424.9398893346	76713.5034402453	65273.1033716377	58052.1182142264	78272.4155123741	85126.381755212	52667.7607087925	80293.137460347	81080.1708411107	65495.4615158777	74982.8338852198	79288.4131110958	79080.4098442941	77398.7230395638	84108.3169264095	80302.2745607398	67954.9652805912	77691.0921510891	66639.7947939481	77289.6979511919	79343.6255508433	76523.0604984318	96074.8051091222	83044.803887732	75370.8518060376	75598.5270109971	73071.8380230235	97193.02510799
Carbohydrates	65409.4475864629	51046.2621359617	41383.9307143137	43357.4660516719	42211.016956836	45662.543854246	59830.9359327601	46446.4474646747	67595.3814775417	46725.1988452524	62094.0348571017	63278.9369351756	47458.3570879502	60733.5508399673	62336.296080168	71181.4147194054	63229.1505257258	63943.5679197108	67699.4223420319	63682.0009353562	52811.6106221343	45621.2564778869	67085.116742132	66741.6162708374	72040.7715065017	65078.8255626003	56026.9579683282	62600.6901715135	57367.3481695726	65385.7182242874	64680.6601686529	69536.670557324	51410.8309987499	65560.6779228418	46912.5760252716	52613.7171987621	70333.496704427	51777.5316871172	62658.8927513305	65535.207284748	58409.4933244073	61320.1097130348	54484.0389875042	61480.0345250125	66240.1347192599	45855.6999987071	70980.5912460944	71486.61113748	47797.855224821	41518.7112968719	63022.141795954	55394.2711360871	69355.6946640227	43683.199272485	68904.8405585989	70577.7954869109	65841.3038283604	63929.2873057663	57507.5214997569	51355.0953161771	64800.5146935909	63368.2873134822	63598.8652849207	70896.2532550225	71134.4036836794	68655.2135757777	61696.3248070594	65137.1570183477	68579.66495153	71312.6137700916	77224.9468723922	60375.6917948753	67626.4694570081	59870.4329229065	75412.5104896229	61911.7804698039	66086.1442669135	65497.5981430931	48854.9823462753	58812.7024499029	57802.9279674938	58509.0088448222	69435.1368734896	62170.5539226333	68681.537789982	66552.2031381686	64084.5812705191	69128.6835293441	78072.758341313	67051.7148060894	69630.2859666712	56204.4299213062	57692.6733078341	83275.310006113	63145.6024016844	63990.9795085278	65969.8076944874	56942.4205259289	57025.2251950856	59467.2595000474	66352.4262428301	63335.4442383781	81742.2616925527	61577.8863752847	72143.5946846027	84368.86559733	62416.8255620841	66336.7442951086	81067.2181197263	65593.2257449138	55066.8028897137	61923.8759849457	64782.3347174945	63189.8017245034	61249.4299101157	65232.1313451572	64103.0863597877	59171.7107678942	62442.7937860426	62125.171215965	70487.5578910847	39859.6209872643	56746.8341638903	70972.3288429003	70739.0773793654	57709.4329857087	49950.0073804048
Cell Cycle, Cell Division and Death	60795.176390934	56091.6654516818	37545.3454703099	42721.5685921686	36601.8648979252	49947.8106916504	64077.2025271065	54144.5600257719	61005.3255727935	54991.3554938081	59866.0496854306	61482.7384065887	60015.2333283467	62268.5818145227	61783.9336301222	62679.1823265148	60588.325814559	62875.7885098085	63560.5208025012	60553.5075873276	55843.3034927358	53357.8644132736	61520.6667022595	60016.5465893909	62401.9868428219	62461.1356415355	58431.1628688867	59821.763654234	54532.9902900834	62757.3169702748	61199.5475379307	59530.3562218218	46774.4398605229	61507.5190656156	47538.6873761697	54582.1796343493	58263.7339316306	63781.3323096729	60040.5125381505	65562.0981384067	66096.8355850697	66695.8680122804	59677.945957951	60497.7115849745	63027.7786063385	53220.6648920819	48178.9765694494	60404.7865160547	41233.6397543716	64165.2282006629	56663.0786910351	49556.4460824194	61576.0980287594	36368.5136249069	64923.6262850315	61445.5553239512	59571.8850517381	60856.8116535924	57242.9263845494	42916.9785116589	67294.9531563785	60517.2204363938	64583.106240781	63601.7948336865	65462.6116245188	62914.6906204738	64822.4655895781	75957.582963133	85472.4042973119	62784.4831120992	61065.591109195	63125.573884074	63429.2304678339	65437.5647926707	57966.2526005956	60830.1448427326	63748.2564248055	64696.8292796413	67311.3971103393	62238.8741772311	64035.4406582364	62314.8614076578	60966.1595013117	60157.8548809226	41301.3705091405	60399.2451370666	61708.5699569434	66189.7172860454	58852.9654277857	61489.6197978835	64613.3247263428	64259.0490780916	64877.7137368433	63603.4548792628	62009.4951713785	61700.8546628429	60851.9124779103	63131.467551694	65292.638337821	59179.120440774	62415.9769285741	60150.1101666696	63470.9492606664	60813.0827863751	65305.7664513089	65623.8524231262	63029.6720419151	63205.5390091819	64020.4388127933	59837.5198909383	63748.1371569531	61829.6938917075	63787.6209268338	61958.0868774728	64365.4246574904	61402.3509032616	66790.8329296778	63490.8511215674	64784.0990829998	63594.6949082894	57554.2914261038	53545.998655283	66783.2348629211	57669.713688536	59397.6746727441	63963.203775795	45870.5304733119
Cell Envelope, Capsule and Slime layer	29844.6857449938	25161.3519793825	48689.5215774141	45642.2681163387	49251.3804919973	38632.0430847257	28306.8125028291	18320.5614562534	31907.532816972	23785.7285837078	26632.5843575438	28850.9061615334	35134.9120401922	31196.6924427105	29570.9710614937	26311.5330630278	29592.6572884029	28976.3766119804	29932.0264840059	30154.8709850313	27218.3090241299	20632.6107814046	30760.2265200862	29708.2312888712	27977.4527347577	29565.1129957224	25830.0724416988	31774.1778440881	33803.5043138953	30092.4691482355	34312.1261355349	33370.4135655528	40583.4836844977	30782.6755294545	25784.5576946866	34071.5168289973	32636.4473127912	29164.0555779666	29534.2461999174	27447.7623208688	28168.987637023	27688.1833353905	32655.902220873	30998.519169429	28061.7930456357	32860.6372927033	32021.286853215	28019.5329419913	28151.5262011571	31564.7794366485	34032.8071755562	34837.3164650106	30645.9014089897	27689.3264656389	28348.2542127683	25168.2498021498	34734.1344947624	29434.0664143205	30652.8014335293	23595.7380118256	28129.2280749384	33570.5820769953	28990.7766828585	28747.3599457321	25881.8195865084	29341.2039691079	28237.8398544658	34569.108136924	33501.2765405454	28100.0982320658	33067.4791631734	27492.1561299919	26408.6371581072	28672.8021468542	27972.0764452339	29090.4986209749	24271.9564556516	26237.1154893141	34566.8884526195	32713.1702206732	31423.23995274	29471.1379586844	31893.2563201528	33200.4761131251	27110.0275028021	29758.952450261	30459.1570370008	29521.0874352924	24581.2062222466	38508.6750049203	26768.1082501004	31820.6165342449	28800.7418739335	26086.7462284197	30586.7991561798	32311.9918291966	30515.5876323593	33982.7916399818	33504.1574997062	36309.3559983239	30780.1103420457	36407.2969205207	27412.1244485194	29255.9561454575	27104.1773262258	27225.1676536055	28409.7806453084	27068.4474815249	25475.4778853777	30706.2136388905	32824.610054597	28858.9236786683	30229.0134926329	33245.590043578	32293.1767155446	29283.9121222071	26084.1128018832	28664.1326370986	28190.6955986425	29204.853964134	29425.2277655689	16095.3544625042	29537.229824639	26897.339608005	31066.1620976516	28862.0948177096	32546.9761889176
Clustering-based subsystems	1192.11424338516	1050.36327723122	1172.37741793689	1111.90515471698	1295.86760266527	1396.66853621553	1460.44756643636	793.722102093016	1425.1134576934	998.885903876477	1131.29613518201	1441.63658299158	2268.31602375827	1205.57173126694	1328.84133915313	807.880313860869	1298.16556663905	1682.58581195668	1108.08905925572	1485.91483915957	1379.79247921112	855.722978486096	1225.37993833584	1531.44170386159	1334.28933103562	1165.35029707953	1210.93116618136	1715.85070064688	1869.17588174146	1492.55361689075	2257.29391529873	1943.76563928823	1583.19017305526	843.219694083305	1250.4936152165	1790.3944515078	1690.08190941914	1519.65865509405	1258.69931054392	1163.79620237401	1247.49677929698	1376.89632738478	1980.91847382817	1596.3140118892	1530.92036919585	1922.5387049615	1189.75192294887	1599.4791198359	806.483815362246	2044.01990342562	1469.06564468351	1453.00581075678	1635.05541622316	1024.57306491799	705.208515833586	882.617487404578	1722.5687135701	1328.97640838103	949.660685769167	1044.81399112548	1771.27863476232	1638.14979218172	1347.34241276729	1512.99103161862	853.663317499314	1122.17623267139	1151.76482369165	2142.00973983312	1780.77687952616	1415.15273057482	1704.32680488717	1364.59872758403	1101.5148313618	1483.44321476126	1208.89837999328	1548.55408732591	1027.22344722839	1083.66262935144	2009.25623495433	1414.5104190504	1581.39703414446	1370.49802388369	1471.71300460254	1556.88205404544	1200.62123573083	1110.3232823651	1598.16867403867	1264.3236928185	750.848737310302	2106.66859708952	997.092061899509	1541.71267248836	1741.29354455886	1320.97023785542	1499.87509520046	1383.21310430867	1297.44944586022	1546.09377990847	1702.75152581589	1735.77633830025	1249.26456001817	1749.48714190216	1493.9143802381	1535.82719536181	1261.61883490448	1485.91567652473	1293.52761167696	1080.80423899162	1232.30339663882	1481.08358401168	1879.82034728635	1260.69062980325	1239.54444797369	1148.92468584468	1408.29961242269	1513.29926248137	813.054035471165	1245.27920306919	1283.92817401071	1398.79580412163	777.365795467966	659.320975458099	1677.90897187853	1467.60227655755	1321.95454433965	1722.10679240104	1106.43746083299
Cofactors, Vitamins, Prosthetic Groups	81184.8982738259	92681.5687285233	62523.9294443761	63756.4706969142	60989.2727052534	74626.422766734	83371.1482334164	98311.7149804288	76043.3978002696	97879.4760775878	82096.9233117901	78726.7997347628	97686.9005637398	82467.350959469	77487.8359443512	81713.2163103616	81759.4544713446	79418.0610240835	80438.9743536678	82658.9247771538	90922.5485045183	98657.8923771732	78136.8940980997	82315.3680041953	85077.0551873003	82539.6966872413	87297.9332219547	84845.8991290629	103739.43428443	78637.3672243249	83678.8675787226	83776.1662925212	73198.2581775071	74372.8405169808	100302.728998367	83934.2033567881	92600.3988609302	94363.0069517747	85817.6141143121	79957.2357373052	86713.2713239731	91638.5899420802	96444.9714214012	81064.1369009894	81375.529370501	94085.7609140711	84862.1606185555	88499.7018190117	70380.5347072391	109313.912910088	84713.7578547279	86434.643238648	96125.37109085	73995.2412753299	78349.4007013154	70735.4220429857	79925.0987645865	81627.8662003166	85469.4617192249	66037.2195438498	94213.3674211836	95083.6777053372	83799.5943899886	86612.1549096597	74388.823506155	78556.312271797	81002.7508826006	85911.0059690529	85100.557601587	75822.7503973167	92678.3314697754	95468.4379905059	82853.1300599391	94139.2728181871	84355.9966435557	87910.8274789777	76990.9358054755	72218.7418281408	113542.527196851	89642.9597956065	89496.9116682841	78589.4059933243	88633.2810703434	92155.0466482445	75795.2186116872	82990.4285791947	86004.0418426857	85462.5947167156	78118.2252392992	83580.9431935613	74173.3004167887	97379.3088698753	93650.2007780969	83901.2984500392	90567.0253204883	86111.1147786969	86404.6262436721	100913.495750483	102012.233549667	95661.7840920855	77568.8114138384	86224.7064320606	78062.7949477207	86916.8444459245	79277.7210292386	79812.5009198307	82851.1580936388	81514.4941174477	75720.4890086424	89307.1741566495	108127.502418926	88279.0942161789	81536.146457751	87365.5847877303	86191.6073587724	79928.0671433265	72477.9319462102	86920.0228492936	87263.8925152934	91320.0002929149	71888.6427330193	103693.795177295	79549.3177464567	88673.8701478406	87979.2992051803	87316.6545553484	68420.6965799331
DNA Processing	116062.34816822	103146.443168681	59922.7067135487	65996.6361425427	55547.3527224406	83281.6330893276	118464.278641158	96502.3080247543	110853.617066237	97254.4217808944	109795.470504369	114666.319781813	104811.041000608	114665.807165663	109004.633048598	109009.185095781	112674.564517102	109396.485556464	109912.715822655	109736.738120937	101826.545752634	97223.2135041067	116630.82237432	111894.698940154	101575.417247292	110867.105521338	102585.87519229	109736.521828647	103871.144292002	113587.822940156	109526.733445775	104865.544064795	85191.4852314386	117347.267288794	78062.8897962425	93092.208392325	100988.666120549	121901.419557884	113691.160781079	115445.14524063	119234.580928548	114150.742401422	108168.180710036	110588.753160866	113516.895795238	94021.0748707481	79730.3329084397	109451.755453397	75826.4684281799	107362.528912576	96983.242062789	87591.3582572142	101113.611648454	79806.5813977479	128063.295402665	115483.227248572	100683.423027055	110813.071658386	109283.022087892	102043.499799922	122715.487429502	105560.111288309	113249.694016772	105648.350626861	114442.658201682	114440.276730472	117498.374713026	113422.839989611	117819.496345413	114596.228498206	94839.8472750402	117471.333555389	117090.475549719	117545.55463606	116373.716853296	103086.657534772	114633.661400912	114570.069957671	115275.408489831	115833.037606294	117984.19690921	116265.973382856	111256.90426456	114908.423138449	84823.8903043831	113225.644155323	110489.454155088	111598.653473818	119460.404935379	103886.29089705	114413.920145717	117871.370347787	113649.186804369	115091.004392208	110991.871871266	105730.460766978	111089.465804277	116827.479118179	116888.414003059	108640.625272427	104570.972964211	104775.058151694	118732.173396507	117248.479877271	117834.105290915	118914.30658472	130608.542253806	117677.226116513	123967.950423883	107006.231122154	111994.214847964	116378.890153701	111131.734654318	106886.955676942	109917.573185813	112032.14434296	123718.42566063	118452.819895684	115281.66896507	114515.595231442	134145.255242604	96174.5831849647	113251.687070512	105974.290349789	115332.473295194	113141.16040236	81172.3746832406
Energy and Precursor Metabolites Generation	62286.7331992862	65117.8447415893	55087.1872731076	56681.2876004671	55262.8410085594	63749.7735124119	66013.9342954154	68052.3341230462	62097.4958571836	68191.2102151368	62990.7409670376	63547.3470370326	64146.0408254009	63669.0651146829	62815.5035416144	61323.0798190001	66003.1568540694	60637.1271057677	60230.2377014707	64760.9089030152	64687.2384811925	68041.1985142227	60234.394927039	64727.047304487	65218.9789894159	67616.4617242535	66066.0198689557	64842.6733102226	61273.5696959876	63533.8888761442	65024.8780826664	65794.8663846939	59601.7593171709	60748.4512578369	72248.9362776367	57301.2908701175	66824.7696222559	67662.566812955	64856.1137209889	63991.2728450037	63851.5634161127	65363.5870616495	65614.8318181447	63453.2073323022	67654.2676662005	70176.1376011907	69009.5957376879	78507.4205910103	73552.0672640924	74328.7834942913	66975.2924467821	69112.5315065626	72952.4622411742	74554.4475088927	57164.8634264541	58868.9247822791	64946.7173470899	64812.0810529402	61380.827220887	110317.431548692	67731.5023436002	64260.593681432	66137.8726446296	68575.6906732495	63169.2071948431	61032.7504689353	65108.3398150511	64015.9787574764	64346.4851201993	63913.4665069297	67616.9903151299	66579.4561376141	66244.5544890522	67082.1167426438	66743.4970989832	68492.1552434156	57848.3856192071	63989.0440044365	67267.9363206472	62224.6060142926	65514.0212509627	61528.3319992891	66939.7574302994	65619.226611889	117678.890420157	62466.2252504067	65138.2147812606	63385.641251534	60246.8321883172	55576.4022800101	61665.9980491847	63777.7712873016	65066.7775880563	63074.7302311938	68640.5695000597	67732.0870074337	65371.605599819	65128.1012066135	65844.392440691	63342.6353539782	61087.7004735315	61471.1425782417	65147.68326209	61643.4623108114	64041.0118008032	65228.0287055596	60503.3603602818	61237.0966468666	62034.7096741642	71457.6556519734	69330.1610650757	62316.8620911669	63952.8740127216	64097.3255066862	65657.8588344054	63206.3102884044	60287.7622196521	62774.1754830161	64202.4864134439	64928.5139302693	51202.9503306797	70892.645856195	63472.3344635666	78071.8548557473	67281.8438179797	68126.0318253581	62648.0268113882
Fatty Acids, Lipids, and Isoprenoids	36450.403051846	31361.1048486762	47982.173815925	44606.5939375732	49823.3686607503	45399.9375651478	38072.9765809228	31761.7421328931	33736.8079155103	30361.4857055208	33805.095229569	36788.3377855649	34039.5475588922	36812.8062594453	37377.4721900802	39222.5213699243	38989.9680068202	34389.395266705	37585.2867233067	35926.5022378769	31020.9131921973	30555.5783907057	35518.7561730351	32814.134312005	33935.2803088765	37220.2658843864	34280.1849178048	33882.3674039027	31378.1536645201	34740.612656624	29337.4509906753	30955.1300291844	40445.6426485683	38251.3087007025	35468.3707864492	34893.4843939879	29908.7400547862	37429.8662301888	36973.7902444391	37766.1099619367	37778.7078596505	37030.5767533464	33831.7637613096	34954.9610843296	36025.7516448409	33089.2118292014	39898.6446891528	36454.2408737596	45141.7300180405	34320.2253652405	34842.0089727017	36361.6222242922	28983.916263791	51160.6675565453	38600.2754825708	40549.7736500153	34385.9267348785	35205.7262842922	31699.9543788622	31252.0212175423	36176.5585115765	32619.9108748667	36224.8088994397	31368.7806476905	38948.4791637959	37452.3846585092	38501.8607492072	36049.0229822607	39090.5743248559	36214.2309454108	28646.8614351364	37660.1054224697	37298.5582755625	36641.3593169687	37865.295897153	33965.8397369173	37979.1550100084	37976.1577133636	37050.3727684814	36353.1363295339	36524.7717878814	38330.692223987	33209.9996119385	32572.1560548412	29991.5184685561	36762.9132498201	34729.4487151406	37826.7397145831	37272.3487504365	31790.8423130533	37553.8204529452	37326.0979699583	35740.0122798338	37157.6066779025	35405.9832451506	35562.8893012879	35044.0278451374	34957.8597877462	36096.9983484483	31325.9039194189	37655.5137398931	31240.5133413083	35462.4423585707	35486.7412343274	34300.051109627	37917.6141223409	37834.5862468055	37769.4238121341	37268.2490613496	33364.3459778686	34575.2436849081	38585.6496676248	37871.4800601962	36602.0612758826	35406.290449548	35842.6216004052	37105.5520864757	35365.3308351048	37830.7660517185	39478.1498921444	37393.7571541869	29524.9508992734	36075.8644068233	33207.6766081937	36611.4620137858	36313.2845515779	40707.0362068594
Iron acquisition and metabolism	14719.486253344	19893.795219063	17385.5799325649	18452.0111185634	17666.7536668761	13649.1479329624	13120.4302018807	26852.1801753828	10533.1302417675	20910.7075752684	15717.3420235862	11095.0269680061	11629.3490546071	12157.0631389322	12299.9753230284	12948.0357348004	13250.8605073986	11284.4687073868	11881.5826094158	10687.8551696894	16382.0942725562	25194.1012659064	10848.6831815138	10533.0698095091	13087.8885090023	11165.9191662841	16293.698752878	9018.66441419021	10027.9367445083	11208.3119817952	8833.3798321026	10216.3861763545	12627.6481285637	6560.75946927873	7416.3253532096	5397.67019911974	10096.9894716104	15313.9891046406	11519.0485572109	13753.8513683847	14731.7191082273	14781.1880862083	12961.324258014	11112.7309698713	12170.3024003573	11288.6501018125	11299.0405279555	11072.8419377057	17304.4490889817	18078.9884290051	12147.5034026051	13213.8349724508	15443.3028740276	11969.3115060513	9018.95578452798	15737.0252731479	9585.78798908605	12207.4398066247	12784.3976456649	9851.10334489736	14163.7801083602	11729.5838620562	14591.8557371504	11907.8739263436	13042.1453528245	13551.5464915856	12896.2629878646	4463.97779917608	2663.76596937431	10056.8781469996	12807.288598365	14080.4549163949	13882.7840687189	17519.9976165096	9219.9478502932	11028.0573358172	13289.1526756347	9732.66880525828	15095.3148780229	11191.3616483957	13099.075639443	13103.4976867847	11049.8369782232	11525.5789080299	11766.0881101621	12047.2139621436	10973.4042748093	13866.1176910075	12918.7257731856	5534.86502178745	12589.3778620071	15219.3805566872	11872.9249216811	11362.0268101908	11824.0968813194	13541.874053899	11110.6163556771	15260.6439687515	16920.4147514696	9109.43430880617	12428.8915180438	9693.51005820383	11679.1563825347	12134.3492350562	11657.212182629	8761.60465971207	10810.9976606193	13542.5323986693	8685.58810875309	9618.21483324158	19770.569561118	16570.8725539711	12368.173448494	16097.6175652723	11046.7281434512	9429.12104340814	14043.6606126838	15080.6802928697	13516.3443927159	17297.0765984818	8995.06970379966	28980.5941990722	11239.1542090984	11592.6468287695	12050.7441694377	13560.108989438	16946.1067189976
Membrane Transport	68903.135348466	77210.7978562784	138173.525275352	126419.100120879	150707.954293208	108056.16792948	62085.4090013552	67177.2820261389	93793.6651206585	80462.0237284569	72885.8033815152	78700.084670483	102928.985259732	80796.3391372177	80235.7994900908	57518.0177903348	74839.5066436702	70877.7302965445	63873.5956743477	87743.9566266381	91936.9633783818	72011.0298384064	77216.8837304723	73554.9667314871	75288.5285296454	69708.1312344328	80114.9279999569	90639.0656219543	117812.354752307	75299.6621168881	104499.727439132	97335.4989415692	121812.721732344	67724.9984986902	66345.7800924389	131484.10084155	100756.377439511	53833.2973634275	74755.1779735168	62137.8439383498	65041.4646335071	60754.3973951102	94322.5637818796	100812.866515879	75791.7663577265	105581.589007945	103652.103047133	64447.3871823243	103861.028055984	52909.489581599	99927.1675216422	109287.207685333	67844.585422515	106292.273898338	67072.859425865	75704.5139697977	102055.992942114	72125.5008116376	68362.4706073004	94257.1479136771	61285.9413463242	88412.8363421557	64685.0440265996	72979.5245883994	57450.4576330272	70469.3605878045	70490.9075742959	79268.6896076975	53430.5882857011	77970.2808356103	80984.4262770989	59266.6702375511	66154.5242708685	56750.6254577723	71154.7020257123	61187.4883998459	60913.4413733454	66926.4804642214	56754.6127143472	80531.8896518139	70010.9588530677	77482.1215656497	84134.1104716299	81435.6029922032	80741.7781028982	70385.4673030496	89106.8250905987	59327.4160778465	68578.7541053736	145763.503482645	68098.5434518609	63598.5532950011	86597.8513877068	76343.6659248722	68603.8173886715	81065.9500834301	67809.0276469945	60198.8845913024	55952.6882179601	91282.2069853994	74713.392254834	107183.993944669	75654.1908122952	78285.097699248	63814.9413737394	76399.091847445	63436.1999403846	63982.3670559572	77634.4813889661	69250.1073971337	55504.2037106675	60292.8990743376	66044.1173454519	61470.6386835519	65774.7612303997	92329.9212577729	66411.7318973493	85267.8748523993	61960.6074273587	59214.9150827766	67545.2112326439	63185.4650987126	79125.0667342996	68275.256870717	66367.7606147593	71601.4047497463	118900.310693685
Metabolite damage and its repair or mitigation	5457.80870278413	5268.34689799215	6039.64530185402	5760.91364463681	5996.70575907487	5873.61551967963	5863.85866852969	5770.11733090612	4862.10583729497	5964.46857483054	5295.67395134143	5936.12926493602	6505.78897967592	5328.33359290499	5902.61385613484	4839.536417283	4938.22630224231	5331.62123410355	4991.01601554149	5669.04101846986	6513.90402976412	5693.8285939541	5843.57447456346	5179.16546214096	4864.76006696584	4839.53180489956	6777.55723322454	5466.07704176014	6305.83267224819	4784.10808543561	6791.96684131946	5972.98219497907	5346.73487929456	6817.32328930935	6847.9108913333	6397.36176319496	5595.36831863864	5752.72513130473	5499.53238487471	5196.99628003003	4548.25091670533	4861.1081928963	5714.75453469634	5394.45849274176	5390.6489473404	7751.96741289741	5481.25111064298	6549.49926711323	5718.83212850902	5195.5625381001	5323.59628179573	5570.54475882622	4047.12462901506	9072.73812158692	4724.34611193203	4069.57579525339	6024.41961766402	5341.6752591714	6169.51976547969	4477.77424768062	4548.13590802309	5376.05927010907	5395.25851738071	5115.61060373914	5317.03414679403	5051.02742138708	5514.83567448924	5146.09147628772	4505.14704820369	6807.05383444335	4405.33223700804	4529.39289721668	4548.70345198712	4880.91866685317	4363.22191647959	4864.22400974588	6112.43403465817	7743.0271071699	5192.00334779048	4764.03650187584	5453.55929753148	7316.55974730779	4942.46357883768	4973.115200017	5943.0751168676	5013.21532083568	5487.04200456435	6047.04091856475	4479.29560230939	7007.25912700701	5384.55958290422	5371.82350606344	6749.9995210153	5399.99171118222	5433.66403155333	5537.66670866577	5160.08259941006	4941.30860765081	5008.74701712812	5763.34253177235	5155.77934039529	6053.88473309575	5097.05837059453	6204.35976194846	6652.66926093418	3681.76374642535	6419.30941437931	6390.06502392943	5210.72026597226	5697.53806594088	4975.26222365148	5224.4720337433	5657.15890169115	5559.82396229065	6069.25821288728	5702.53827809058	5055.32879949655	4786.76015161082	5230.13915963411	5292.35711939608	4352.56355083605	5881.75213095861	7863.012297513	4072.94910645599	4002.13677600389	5947.58724574306	6642.44194697225
Microbial communities	7128.16287136275	8367.97381547918	1400.56935541967	2902.42640825134	1233.12540961258	3524.33469588548	5181.04917644208	10717.6201437461	7235.99274644616	8101.68644036014	7937.74794050974	5412.20236966966	2528.61458386168	7409.505964543	6166.37353323803	5734.59242002067	6631.03868788698	4579.69781077675	5193.76497262538	5640.22015192147	5390.81712808065	9185.85909534608	5509.39768072415	4406.11429416322	4061.27064889732	5896.61349307992	6914.34015565034	5396.29733484405	2647.3365826477	5587.89837946977	4007.17964464633	4930.88366278269	3386.57369424061	7784.04948319322	1624.43133917578	3299.31428489143	3936.98922561564	4313.83943315635	5858.88367644697	6815.58315329989	6850.40813947666	5397.50739859589	4004.63096025349	5281.46362904585	6300.61761241345	4863.7043937938	4268.18734025478	7639.77250358964	4000.38625465179	3370.79034880454	3821.33600258123	2633.43864756624	3035.59657071783	4634.51741514308	8801.33284409495	10599.6636853312	4732.81957390298	6236.24940664118	6182.61853355926	3731.47853973385	10002.5823846425	4203.70215970988	6135.14172062622	5360.43587050255	5409.50430586871	8136.21621460282	6986.48808759145	3991.11308140082	5227.46453989911	5645.70167155956	4711.13280498146	6093.83770686456	7012.4030356712	5456.36699004318	6297.04496341314	4680.94577282819	7287.34270452416	5700.37026745294	3991.25655847137	5412.92195392554	5927.09286272181	6644.51690095657	5792.62413240664	5568.36821790547	2641.36671860782	7506.95778506287	5789.97693292469	5498.70791596888	9650.91340303201	2038.54615896113	7318.62878015704	6209.97080840169	5900.84565114085	10278.3263857591	5406.53658836475	5251.77616984573	5856.89003411484	6995.89653066908	6932.49324517976	5090.75609852486	5490.32224536395	4305.95503175564	9868.70964846394	5081.45266882371	4651.21672197733	9626.22915430973	6467.09258836215	6535.27217912004	9821.73641489442	4855.55772016225	3597.03328399473	7105.34111853041	6227.39265368849	5700.27155715953	4524.60425603468	5367.87914603523	5909.23004727608	4950.85769145452	7158.56757506797	5638.85232927841	8743.93831613013	11073.2704065741	4259.05288608377	4935.51823294234	5279.75747891751	5198.19985936139	3078.82991811882
Miscellaneous	1653.19824445558	2758.20427050818	10782.0690460614	9450.5835488184	11271.8762980437	8228.68478619344	2249.88458880837	2950.90750006656	1942.86301067119	3090.69451276448	1983.7074931651	2902.12468459702	2171.16469501955	3177.20871492401	3313.11754726007	687.214108537863	2337.59536942032	1764.81322580608	1363.00106194192	2663.70415383836	2817.34371336596	2993.16900119313	2048.36913912009	2033.86552805214	1263.2054486555	2422.51637519318	3041.55480230464	2946.0046887685	2605.16172457992	1550.24191550565	3018.45132927134	2265.78433782099	6720.30098492999	2321.24186383646	2604.73242520388	2659.06331723495	2139.94010673959	1599.02278139531	2188.84551021299	1268.93444718274	1218.18832065727	877.036018567183	1831.548662099	1793.00877461912	1615.320022711	3659.1941346026	5321.45899274069	2100.82515494066	6535.22665127971	1365.11895991313	2540.44548839553	4097.69140142279	1134.17258123633	5601.63778483203	937.523300346473	1154.12526622966	3596.6294444064	1811.23654549437	3025.81542638176	7462.9570794677	1142.04344457044	1619.9808058571	1833.32488004192	2339.73125974508	1053.53371341594	1883.85018345235	2148.71799092438	1407.42577986674	934.432189256703	2191.41464079968	3922.30200874258	880.677649772912	825.736186717968	777.831462028087	1691.00746829565	1730.85222671997	1814.59826110122	3216.03102904299	1027.30008017273	1297.10572167801	1785.30543450939	3004.89001951172	1925.97579832094	1736.7216974467	4682.42281935023	2187.58869563149	2432.42926208864	1468.00819823643	1138.60721127021	2281.36586002504	1595.82963709292	1035.38815664656	2989.60131624007	1282.26665126857	1894.52365227266	2537.29952457771	1989.96317278073	1566.94761696495	1167.71522591841	2254.17965261717	1327.29690013493	2218.67319049523	1615.20247843564	2126.51338788183	2910.474433586	1104.97634349378	2513.5258643027	1948.41915079084	1517.60567173333	2595.56807329065	1089.07624584675	1883.17973476842	1886.49992091402	2648.44036038461	1885.7781996484	2682.60626970266	1476.33495914501	1557.18091000615	1606.51795826039	1566.50662993582	1240.81735634901	2978.70973936843	3039.61481638051	1996.78578973936	2055.47810247934	2087.44741438015	6820.21356463197
Motility and Chemotaxis	134.676476401011	803.4452545227	19822.9343952433	16067.0905122879	20415.3443548384	11342.0400489829	1036.9964318233	965.61041562897	543.793293067218	24.9613545583843	432.442835269471	732.423883790193	84.4211546281324	661.307108744788	1795.04581852189	4.89187318877055	1168.79768471016	272.843077834697	280.456868639597	754.966113974948	205.36446202212	191.460703701053	291.063500530208	725.106938697724	92.1329931820031	239.441154461519	499.440531723728	995.729741345851	82.9669339038192	265.366173628503	165.194267975553	385.006323028175	10400.1722188799	91.0598769716028	216.226826996171	17.9346659335753	45.0513706682019	422.649193320347	96.2737022563539	185.739477260475	130.555861213246	56.5763564624384	68.0494954413878	172.63104175764	69.8809985626368	115.606255112388	2202.33380535887	128.00324300547	14005.9532911495	795.533322199293	2799.3961284072	5890.7518447255	212.169239565633	14765.3426738649	192.830453548246	2345.82720904871	3275.36189054875	1855.41304660399	1571.85216954897	8059.99364582512	404.903171433868	67.4474600251959	1113.44872259845	872.053527004624	202.27847297586	245.965334157002	340.133639373252	60.6885199283757	25.3691997083268	346.64007969859	201.241420718694	65.0346572139996	33.0614424129893	40.3086749553017	268.505964091052	564.53617360742	10.0694469980183	676.688581193389	26.7603494111565	68.8463806121405	461.415580254352	170.629010699116	509.674416233895	119.245024813804	11525.963863016	175.354097996218	656.623352571643	142.172945377181	36.7604707122072	7.4056448418317	135.338383303995	136.434749777731	433.296912484388	686.567970757976	347.825846911087	578.722614122104	214.276464662738	172.650371909478	168.643335160017	71.852327268614	934.39576633428	365.970214980797	212.993733420085	234.435765124676	472.560118507575	620.603151825272	158.404494573243	154.449966377639	91.0942962607753	1643.93402276544	354.064523032657	723.141018151074	353.587061737265	570.238355106733	86.5325647343637	287.993516031697	245.08327385016	55.862992287216	160.864651643247	120.558900345657	1301.31719065122	88.5861632525928	719.373931042005	1608.7178800727	1547.65410069032	346.722301820557	11778.7329492325
Nitrogen Metabolism	1901.39057614907	4771.59981904423	5285.61976930223	5000.52186484683	6569.83156099852	4046.94838143208	2111.35619905364	6687.42997655008	1603.51307730597	6094.92697506965	3002.95366293316	1400.42159261736	3039.66407348555	2146.17701777624	1863.76076446059	1291.54859631982	2139.05679917685	1760.2658411755	1508.99855737515	2667.68752563774	4143.65586392548	5659.2593002303	1693.90373666474	2630.39476095346	3184.79947780261	2544.73738219066	4388.31799359012	1450.9124572854	2339.6675360877	1765.2619376157	1276.32882781768	1953.1326513619	4162.535053051	1064.06606237076	4515.73711379504	4636.85842157645	2792.82743086766	3316.38733692033	2694.69387313687	1417.44043476197	2199.1335499772	2458.91914472891	4714.70756818399	1734.94196966428	1816.34755282269	6334.62136033456	2220.13557976708	3247.24016466509	3112.31608008788	5771.05472862725	2728.72892112673	3217.12191519979	4936.4058913049	3332.25632328469	1152.85064014202	1178.1265538778	2298.49957231491	3732.91434376279	3955.82796003156	3059.81240258176	2374.14214513101	2964.7472181424	2310.2475529911	2835.08386836499	1484.57950701926	1456.39933398431	1661.68277972879	1160.66794363019	818.156690593538	1416.86925615341	4355.65711358568	3102.01766023859	2162.05835908815	3214.61682768531	1726.02097750197	2658.02448406827	1490.27815570671	1070.07749930912	4665.59258553121	2430.07768088215	3036.72041732043	2124.95040138798	2511.03252335764	2980.36953776023	2161.11822431549	2421.98372671866	1802.65541513457	2273.75160499649	1357.23527392702	577.640297662873	1518.08809196651	3300.71031684495	1730.97695140447	2135.42832081341	2338.72005078518	2060.79663316667	2153.80560950122	3813.09985712998	3840.83197683156	3179.88649136626	1340.32996119699	1970.61538461224	1615.20247843564	2172.40936028216	2622.05232421911	1101.53619298477	2186.89841474878	1543.98137529861	988.120074717576	1469.52749737662	4875.92745468954	2863.03396584314	1602.20234628316	1609.33935774567	2553.96216369914	1623.96343762318	1283.76952969131	1679.38120563443	2204.73338155871	2907.88067633726	780.790314390732	7760.97839620762	2526.08014090275	3471.44384647267	2817.21410516286	2749.62729171728	4099.65344038563
Nucleosides and Nucleotides	37557.8281952766	36581.0870038623	29985.7434370488	32947.0557040945	29189.5987371306	33556.4293662677	39832.811528498	34695.9105129849	36805.5343691789	36102.5961325945	36969.6313621583	36942.598453329	35788.8744844366	35027.7791639635	37888.364037588	37594.7980515769	34496.7308971253	52159.8926774435	39358.3595490647	35807.9350004773	34441.3316516264	35309.6084447787	37022.9391239655	40944.7680384313	39561.2861510498	35532.3071914404	36838.3474093377	36074.4236537195	32744.283247374	37684.0944115608	41074.8777064329	39479.6694545179	34254.1580085075	39618.6348057282	35838.6865290473	36150.4743618316	38314.8797345825	35577.6698732772	36630.6743296926	37125.0703243211	36525.888613514	35426.5360184283	36295.0519354455	38569.9597236084	37892.4130607839	37594.5304679159	35485.7180239136	39181.3435497884	30714.3441202804	34354.0979973229	35185.4461849732	33022.0173182509	39658.0754997909	26284.6080672887	36100.6156249967	33102.6628068002	36412.9347018661	40259.5180112326	35013.0070767032	23433.6852295286	34709.9673746293	37456.7377855816	38447.5021686509	42533.3552891546	36711.1347680593	36284.2395819741	35942.6712472585	42978.4297587216	44906.7720837005	38138.1576537426	44740.3890387967	35417.2420373546	36843.4225754688	38457.4150815733	36897.6089265677	33801.6033947443	40291.2139214039	39853.5528661642	33417.2341081947	35762.3688159001	35704.244384813	36800.518907897	35560.0571527295	37221.0095509087	30495.7793875631	36748.3064243112	35410.0796365084	36953.8434247893	37486.0063183692	39187.9191221988	37760.5438548823	34940.6025421515	34530.374187255	34075.9838427672	38320.7960483624	36036.0349841563	37837.9250013957	37456.2395335187	35810.5996427583	38801.1923022295	36123.8266601361	37247.2387741852	37220.6549151599	36428.617292296	38687.213405597	30793.9339229783	36690.0592265116	37099.7802906036	37007.0578559399	40656.6369112754	35169.0979378253	34581.7421762951	37354.5243057172	35665.2411210645	37689.9379579571	36583.1763559152	39691.8197316378	34935.3188016177	35250.5537146484	35578.8961555647	37165.1623624758	34185.031290162	38831.5401134152	35928.032654957	31178.7815701572	36516.497744931	31612.8104876345
Phosphate Metabolism	4746.30753836161	4682.18950345294	5873.46204303504	4818.66251462418	5270.34421642636	4882.13797384042	5123.36543055052	5851.61981775584	2918.98238922288	4842.97375328049	4557.28218707058	3914.49563816703	3804.9820407394	3202.11863181687	3919.92337754956	6320.30015989155	4984.77630599996	4360.35337565474	5028.90398899338	3807.16617624611	3131.80804583733	4895.01199129026	4391.70343427348	3711.12108625294	3672.89730123311	4333.34480292389	4294.83747227452	3371.89022393711	4542.4396312341	3543.11041311101	2016.99493095397	1993.1821596769	4391.53613510628	5319.15281344466	2577.24904904528	2281.68805488264	3032.74385720388	6339.73789980521	4181.3820060571	5140.7894028867	6638.36588189392	6455.85424068128	4444.26343939373	4375.41222200272	5249.69035777398	3253.01300512776	7593.72834041754	8195.57605874497	6101.45622524222	6316.66152506912	3403.72259066781	3709.50646825874	2431.91940238317	3849.33058034611	6269.74446108298	4513.11090274205	2711.18472279872	6184.71015534663	5501.48259342138	4776.29253085933	5603.69406199432	3969.20459520368	4967.48522864713	2460.38474230019	5990.33249255654	4239.101440503	4427.38737230698	4367.0447465127	4171.82395203596	5332.60740602534	1744.09231289535	7053.55053033504	5928.66317334864	6797.05031433774	5924.53437434237	5645.3617360742	5966.14734632585	5000.98457874982	7924.0367978591	4660.60063535229	5190.22616334592	4246.91938189009	4516.18787364869	4747.76658579309	5042.60919006948	4402.55014911542	4074.32751067746	5614.38059805807	5726.89438463859	3061.37964461566	4824.08985770688	6442.75207283728	4163.48223730747	5189.64613190588	5206.23943934224	4026.20311983845	5229.32715669293	6119.38874369043	6724.95271107289	3967.03435005699	5384.23146805627	2937.61607103898	7241.78693628289	4890.39901219637	3443.56308579131	3115.40030095879	5444.66357793485	5432.69982406178	6004.6323618561	4046.69621485169	6270.87610793394	5643.16181035684	5132.10376797604	4207.09186434301	5627.47728838602	4383.9012995936	5065.05432623664	5893.54568630129	5342.77158886743	6255.66738460245	5287.45721675127	6156.7383460552	4802.12821247488	4847.32098074537	5852.06706823529	4655.98519587605	5326.60478926402
Photosynthesis	250.367722648575	148.462710074847	396.855543448314	688.380359232026	448.847996453894	396.921786491091	178.295214573918	71.4117027635573	143.761445293632	79.3582687375049	206.592123731974	304.692210915365	44.2206048052122	573.26932027412	196.630460686143	246.475149126516	716.757889184062	179.113455802072	250.833410643222	293.129301236083	77.011673258295	108.49439876393	179.476153141951	142.643987940536	165.632347293489	496.28530009944	118.49643547048	297.090261236297	49.7801603422915	206.10455777866	152.736995308544	128.335441009392	327.647702017557	251.199660611318	17.4728749087815	252.081693399697	85.0970334843813	107.071128974488	545.550979452672	200.290496216365	171.188042509205	167.269227801992	70.8556602018574	116.133609909685	218.258461264126	57.4690054315915	1159.65844716356	437.905831334503	1537.5754636531	233.793702401654	397.685800971496	750.237263243341	53.5846647982733	3274.80362805565	231.396544257895	529.11435937432	344.774935847237	176.706004438475	2514.96347127834	1492.59141589354	103.644156510376	95.6812805008593	194.332588281016	128.114708474803	268.741399810785	286.699688228962	305.10326455408	69.5389290845972	279.061196791594	123.295580130483	51.8349113972395	203.233303793749	223.431360823267	183.908329483564	191.434807731583	4986.73620019888	200.549819377198	168.240238511908	151.641979996553	132.703893063981	314.601531991603	187.60017574177	138.81033356039	107.147703455882	2881.49096575399	324.177676843152	174.01198577468	162.193217277233	269.899245492258	70.6384584913177	247.481980790168	175.849233046853	140.010907095295	222.124931715816	247.119859183625	367.285652085038	310.782658671147	98.9344827795886	94.3123864875922	699.718171408807	397.964934595463	117.742506491036	0	137.041495054498	43.7555665284792	81.1875520126187	82.4750674224323	195.913044599824	94.8898919383076	380.188794378954	116.054482549593	263.691375867205	207.166203003959	240.76730548951	151.61077457591	495.9888331657	93.3650567048228	0	187.494273030135	225.847006647532	520.526876260488	66.4396224394446	91.6941804350518	222.25707553636	2128.0243884492	143.325936314881	706.723976953948
Prokaryotic cell type differentiation	6469.21717478688	7901.16879570602	4388.5608846326	4791.81079848392	4179.59532181798	5490.75137979343	7882.57127569688	9059.45420493911	6799.49966254738	8540.39402094759	7509.24436183685	7377.11997148687	7107.79221327415	5979.06251776377	7224.5837006941	7996.33117395186	6937.63309014621	7095.73897755436	7801.21959883895	6480.7116015888	8432.7782217833	8434.90766860751	7626.9561774323	7213.42722349293	7745.90024139705	6845.6766153378	7725.82130077967	6924.99240305805	7305.23853023128	6915.60331274282	8273.25391254615	7273.66926520931	5681.86915514854	6030.10018623732	4323.62649435526	6120.53687327579	7181.99893244933	7254.53859823636	6738.51263125075	7146.97547716785	7094.86732858514	7532.54740125721	7022.54423660686	6482.03405581489	7185.936473199	8189.33327400179	5056.55163547562	7931.70972447931	4755.36978687372	6786.89365501271	6419.18167466818	5543.41977840913	6375.99659909386	4174.89585331071	5660.95117202352	7482.97159064233	7491.01906068087	9615.75174152702	8409.40910708696	5821.10652198481	7125.88124061003	7415.69137521209	8104.13702069184	7591.28176011871	7727.5192830897	6042.97715846479	6262.90367869221	7501.77538003533	7421.43051467478	7451.09423152906	7208.60998205727	6876.96337081648	6987.87357839704	7392.44303399001	6340.13851320553	6927.32929697439	6266.69236853059	8148.75861294603	7362.81280326402	7113.46081416648	6868.10100063447	7518.14966720634	7232.76376326621	7400.32031711319	3241.67733647324	7213.52182088476	7020.97578541666	7729.95271178628	4992.65235120267	6381.00741704904	7755.21565082585	7049.46561444146	7098.30735656114	8632.58257350102	7328.00187942059	6917.017183803	6767.29239256422	7969.3989086081	7655.2884557471	7507.0712760854	7441.46280079402	7383.23104555888	7898.51761432815	6934.52948874303	7049.75102718013	8042.38385996186	7914.33365241769	7115.75527423063	7276.15691382942	7657.61821301838	7121.28663825497	6665.76306608582	7075.60365547928	7132.20342664977	7834.53445255435	8191.81556712381	8124.7050386676	6759.42206675313	6146.82311625318	6912.66874004171	4031.80027840361	9305.23823165777	7250.14225989727	6731.21428767261	5602.18541656133	7332.98347452201	5246.98927951458
Prophages, Transposable elements, Plasmids	5748.17395458411	9590.19203651552	18867.1739614386	15159.0142937265	16457.7598699761	5656.13545749805	5571.72545543493	5606.68112711755	12178.0528658157	7580.40230318331	10199.464820519	11054.9826286807	16441.3548684106	8576.51850938674	5892.57090249764	4077.56445180905	4199.59551972634	7829.20536914528	4402.89377608084	7080.09189940007	12313.3108687429	6796.85498138739	7583.51774616462	4672.38307165222	8326.47612539975	4050.69622209337	6510.57452367686	11590.4514393095	20277.1186460934	6009.02295935848	8378.86991994035	12103.9497432007	6035.05928554919	6967.12725358016	10060.3717469582	23383.4831429501	9855.76202655102	2577.22085882452	5977.43316207033	3723.06365402755	3146.21862821717	3329.60057253401	5645.76965100147	11885.385662829	5151.72932325923	7651.84214955826	2879.6489364142	1128.44964228507	8707.26436599133	712.312637784828	9865.03383412082	10955.8457489504	976.672716282698	29013.6110906684	2784.10445313468	8249.05793937518	9058.17785998649	6184.71015534663	7151.92737144779	47762.9253085933	2001.94446308486	7365.10578019319	2535.53443855075	1278.96331130812	3468.1125807123	4753.64064983302	4644.72636446464	3784.60353442232	2613.02756995766	8896.31068152313	4532.50563482332	1878.77898618221	1547.13330517559	960.690086434689	3527.87002819632	5092.58673275027	5897.33945850605	4253.96809873979	3047.70646071504	7367.56049913109	4609.02896276291	3616.53998125169	2045.16704218358	2895.14822926558	38179.7552962403	3589.28445735198	7638.40112556771	2220.50928769708	2668.03626905967	2189.22254824302	5027.66488919664	2011.14927450136	3446.23337990701	2281.82884398974	3778.76612744645	6630.06302245748	3278.7570489806	1893.65773084984	1304.38826057416	5196.38276191844	3986.29039617734	6522.33453705949	3443.39869029137	8322.18236319424	3601.08312529383	1948.50124830285	3051.57749462999	3288.71315432296	2431.71163073903	3353.71837160772	873.359156813887	3924.77763225552	6617.61419087222	4836.46604886822	3858.68491833373	11439.7424423702	4189.75691962892	6954.94253975839	2918.7514271126	2581.74652517997	8821.56074504617	4139.55758699095	5708.35660742749	14146.8392523937	7528.69234398314	5652.59225794791	13024.2248962717
Protein Fate (folding, modification, targeting, degradation)	34863.4087345929	31804.0809796894	36090.7045470954	36611.0944246877	35109.0833355252	36427.4969552199	35282.7875722636	30053.2873731753	35643.4626863886	30779.7050152576	32707.5016230466	36601.2527544021	35205.6315074224	36412.4975578161	35737.0576531993	37032.3580675141	35044.1140738418	36433.7526574787	37467.7711400895	34776.9446524046	33855.1872496049	31764.3944145808	36356.5363640384	37629.4840187134	35852.5018412364	35113.8352656815	34563.6547239914	36788.9285400293	34763.1453057002	35078.3314444287	38047.8507184415	37569.3890394931	36048.2934090714	30900.6982509497	39781.549957682	35094.1557506883	33765.2872146956	35340.0471045882	34631.3786911381	36520.7750665059	32398.7247559769	35722.3319690635	35187.5522433136	35649.8794960595	35054.7339730326	32365.7419659733	32421.2697150714	31948.5989022469	28737.1579922955	35000.2925066005	34129.0662005844	34246.9417387933	32578.3914875364	41567.0249982151	29752.8207422394	32783.8040713479	36298.0097232503	34663.8278706808	30507.0308573295	41344.7822202511	35973.5048026646	36143.4729970678	35203.9448035658	36975.1666015934	40574.6536018983	35608.1922319377	36228.5643062666	38916.0919560159	42358.107113003	34979.5544147913	33299.3569040736	33766.0843514214	32573.3417631717	32991.8106868529	33194.0498107563	32835.227236451	35441.3766575529	36922.9752403275	34981.475643682	32847.5394454421	34345.6318429529	35411.2532217701	34406.1171457761	33097.1191094313	22211.4928610203	33353.8317789982	36781.1037588035	35970.4321944525	27886.3640981726	36800.1683256959	35526.2546852321	33684.8975303082	35678.9548917771	31669.6304158458	36868.4249461428	36854.6884479714	35928.5199651389	32065.9267985471	32853.8796844553	34904.7940291099	38062.8472989098	37178.484852646	32037.8074019378	34790.4399237411	34854.9550371444	33005.9507002712	33627.1359554108	34942.3181204426	29038.8373302405	37963.4876930189	34275.4128546891	34543.939942601	36397.6973511651	36419.22294615	36802.9195739997	34033.9004177087	31230.6114677632	32693.8162360932	34599.6677987089	35783.7569832633	34007.7559156852	29560.0953503495	34511.2002235698	32393.0867869025	31098.1745857462	35944.4235113801	34942.4837926351
Protein Synthesis	94399.1524202228	79600.0910060377	50143.0286276473	59345.2219480909	46607.314160813	66400.0533576285	94370.6082785949	70100.6597973141	92432.3588261844	73286.6311772073	88014.9268561957	91762.7177009913	81279.8836649696	88754.1021356206	91133.7784853666	98281.1817601617	91796.2335144741	93095.8771110506	96469.9501439876	92451.8100299196	80848.565957075	71302.7316017702	92566.802821749	97285.2601886049	88238.4936027868	96333.7975778917	82766.0443619811	94915.2652790618	86156.7359559749	96386.2036900501	94543.5140432913	95306.7663896123	69581.4503184615	95937.4417149978	89075.1874084137	88192.7897827154	89633.0867563634	90268.0998007584	91783.8564870603	97292.5921704042	95835.5068722046	94335.8882351067	87414.066758079	92707.5775431733	97947.8879524595	79311.8161061073	71899.8409683928	87662.1227039245	54112.1084962759	85821.6834324358	81007.4063333261	70348.0412853166	85272.697545105	62606.2019910919	100753.544682857	92255.6064463525	89393.3498437247	92970.9191352298	84015.4984623922	60390.2486870526	90692.276008074	89465.6833504208	95031.9877933167	97642.0912527855	95161.522319164	93060.8217606219	92849.6658092825	95206.5485610268	100726.058441938	90145.6458081136	87696.8948474195	92600.228955543	96185.9032616764	90700.6489270782	89386.9614012894	86828.4077738874	94716.8546525537	95023.1801488217	85437.8666774044	94347.1132499982	89744.9574983964	90557.8614595199	92262.5454510181	93946.3143035997	52743.2908856553	93716.2710847373	92101.5532395322	92824.1937687992	97301.1609440333	84162.4762019744	94791.5285634119	92666.8526125524	89266.8277266987	92134.7292523057	93948.2567290984	92196.2895793689	96808.361989874	90592.3983209801	91145.648296893	92048.7815019465	93525.4122075562	89666.3499129206	92290.1846909229	87993.1373198195	88038.3876336266	96672.5868271385	89746.2700993623	91534.4788769035	89842.508806325	98642.9233705933	84273.6509621818	90397.2670540469	93740.7171273976	89479.6906894407	94245.0715839217	93039.5052819955	97782.7799712394	93763.7049294134	93831.5542264029	88757.9807759469	95210.7581033658	69657.3302650883	85993.8903947002	88046.9640792246	91447.0116745396	88521.4003852303	63616.0641600676
RNA Processing	61130.6315643485	53292.4364014846	33582.0814430727	39166.645481709	32178.0576554559	44982.1537585692	60466.2000342947	49646.9164419352	57430.4576331585	51767.2276269121	57684.7228196702	61087.5750532379	55604.3620008595	60046.9925825913	57679.2199056483	62136.8805537457	59452.9917871686	61524.2308995007	62789.1409826673	59149.0878488635	55271.2778974784	49874.9814788363	60186.4956029793	59428.6948657559	55343.1157753027	61556.1500952056	55830.1368519307	60349.3656313957	54218.3381932531	63542.9966348043	62249.2623273188	57571.382095214	46244.4785102435	64093.776571397	43840.1347807648	56116.008725974	54430.0887364552	57616.7590199882	60813.8113618481	61928.5232509578	60301.865007289	59265.5577769132	56198.4770402663	58243.4117418041	58432.7838595277	58563.9459087214	42900.5809167058	55041.2260670325	40860.7139927452	52573.9973818027	53176.3424384815	47553.5970710616	50814.9089087044	44133.2453851125	61793.6207278415	60046.9210124228	55712.4953153149	56403.8203417428	54262.9566464461	45484.2357469958	59139.6320892378	57321.8055192081	57559.2741951137	56006.3517719572	60665.8666071433	60914.1335890873	61987.3970881508	61896.1371853394	61868.4780686895	60697.6097833942	51379.3739994308	57664.1078927027	59193.6686454111	57826.5311734542	56129.3900406949	57295.9131725445	62069.3299766596	63017.3178764642	53701.1081779265	60302.6778146582	59228.2360341359	62545.6616075691	57168.2131408271	57795.312826799	42345.9109842263	60973.2392356517	58686.743066475	59086.669890341	60806.4619858701	58094.6823140585	61710.6923444257	57251.0528900642	59617.7004638093	62882.8950628937	59294.9423563081	58441.2714732708	61649.7651691382	59241.0145082732	57703.6482927448	58209.3198496269	61920.953044974	59761.8090857391	61807.8231922112	58815.997477156	57885.916257242	66318.9463006399	61057.0778896592	60513.3067876504	63144.0357708511	61968.959371845	53342.6397975532	58959.2750885242	60849.3487271434	59248.1874943711	59641.6047971899	59686.6561975691	64712.4878653215	61050.8021709555	59943.4770111623	57866.2985720655	61999.3169878545	48294.2233332052	58328.4484912981	55012.154085337	59634.6592069123	58454.4116943923	43950.3788779027
Regulation and Cell signaling	18560.6531678586	15126.5203641217	15810.7248509808	14362.250643892	16405.6355865169	15331.1040032184	12464.1464929417	15642.1297682324	15300.3847776568	13460.6380806032	16314.6500423424	11553.2763027055	8289.55437623526	19183.9118321922	15894.7184333357	14985.30022569	14290.6642057924	12324.2041287793	13083.0284939079	13039.7784696311	11633.8967735531	13847.0762940058	13264.2761365843	13324.2164202055	13702.0394500709	11872.8606733705	14093.2345753807	10012.728053882	7807.46503679573	13964.2743009573	9277.23787343365	8822.9878133951	11321.2850327776	24243.4362453862	8723.73321825917	9292.38218066155	10719.1751209127	11784.023042029	13556.9359618835	14795.3904801195	16224.4966016098	12348.4252570034	9680.98780714408	11419.7003495786	11681.4545017365	10887.0353080406	9805.21734404348	11831.9909955653	11859.577229549	11713.8050133621	11173.8879849653	9216.73755328216	14796.2373131437	14824.7104589349	23100.5373909269	26150.3694603382	10357.3525046109	16638.3428679194	12391.4346032777	8358.51192900382	13203.1600017524	10903.1694797629	14095.7715992029	12023.9050884509	13284.8795203955	19397.7383893104	15451.4463279005	9565.94366409922	10613.5335579747	14233.8420637796	13133.6960845458	14710.2071804171	17609.1641280435	14986.681371975	16419.6369374347	12786.3522931986	26982.7055309842	14103.2039466539	10506.3114036305	13714.2987953016	13252.8808328611	13321.6000915896	12485.1667677375	13445.3085949478	12354.3925156702	18417.4863934328	11657.488893886	12905.3574156417	30296.6256278697	7622.09854837539	19847.4448435976	15189.1964737734	12769.731626602	13236.6266127016	12205.1941037576	9744.92077439257	14978.8245139373	14361.6334366701	14296.532263333	12341.3856701268	14058.1071639284	9878.90778271034	14360.5108265897	14156.271519637	13739.5395937193	14248.3236408677	15155.2954712928	16034.8780306048	17651.2911785081	11423.5079785526	11981.1500543995	18251.3620723789	14946.4446271677	12773.3391543908	13252.6649135307	10853.0889837871	17115.759999342	14817.1931792483	21381.0135884765	14116.1791294506	32557.1297000014	14803.6706520421	13039.1645380855	16588.8447712234	18130.1229337119	12631.1602002442	15652.191092056
Respiration	24138.8302074437	25980.5584011651	43215.915116757	42520.9130406477	45480.8504793899	36473.8044969772	23795.856174494	27624.9444951431	27626.1577372597	27644.2292044567	24122.4025151649	27387.5023891384	36077.313429416	28085.078217358	25339.9577561659	21919.5430140368	27860.0837750506	26267.5125800724	26131.2172252592	27270.8662864601	29765.011714331	27157.6371494183	24774.6020583114	30302.3378381678	30277.9381526399	28455.0907797039	24686.0259302052	28262.0449174382	28884.9380386146	26559.343056244	29290.2977634424	31695.461153293	38208.8305409237	16483.6693960521	109499.230889288	38805.8012903303	31225.605580916	22336.5402567656	29049.0321142738	22842.5319338723	21020.825857998	22903.789987745	28969.7926753029	25771.1989125708	26151.6075739668	28982.4213322507	33463.0973697234	23081.0058177232	38462.0396368326	25700.7336533028	33354.5969296837	36635.5939777175	35440.9406859704	49332.7143033412	15499.895504259	19852.6487876901	29533.1075729145	23023.3198282963	58905.1600538475	37016.2671141598	24782.239103022	28847.7753588772	23514.6961717192	32470.1633158029	29109.7987228736	25993.0655929423	24677.7690480158	25357.6865767396	28727.3300697178	23221.1580271206	35532.8317628076	19912.7991057115	19779.2745481065	21001.2395337429	24449.3740913464	61591.288579579	18547.3619566276	18568.884700041	21658.042790096	22364.5970758091	23949.7989969193	25278.0916508968	28571.3014226216	25550.9108573708	42682.084930231	26077.3105031177	27795.2426340144	23817.2567045166	16113.984582723	28912.5869041573	22382.1171293986	19734.1917085913	24843.0932152826	26964.6204985926	26840.5611866389	31094.6686513493	27961.8518648347	22306.3310561136	21551.7124082692	28114.4684290724	26783.6876006714	29246.0719478068	25565.1645030052	22670.3119759075	25757.4434964314	27134.0724681269	19195.9628485666	21461.8075762808	22524.3299490359	30282.0471561552	29368.9965105163	24781.1664935644	22887.4177959408	24192.8902138801	23379.6448627268	25676.7552395297	17768.5373541366	19666.1009097787	21870.2558910586	23475.3183781956	14837.2989860391	28863.4020872693	23222.2601707988	27835.0527933632	26600.304855615	25368.1637941445	39000.6935430143
Secondary Metabolism	4680.45252126684	3572.77383173817	15394.6879562658	12473.8426797009	16078.8935503887	11338.7323674288	5449.14749541536	3826.64956511627	4064.38607835585	3262.4804387111	3701.87991204194	4125.53576517624	7413.14888963741	4193.39683145754	5561.68200897741	3959.5636902107	4895.04135899726	4206.59827649848	4051.94703048791	4299.58122544485	4160.76956909399	2957.53603689321	4477.73493811652	4831.66885818582	4544.62379571264	4385.20371628575	3960.77992857471	4232.36620741074	5032.98162794043	4667.50779702308	4165.64879078353	4250.92709343465	10475.9187306366	3749.15493462392	6220.34346752623	4391.83435134506	4388.75435926067	7155.45084291348	4839.34046753986	4299.46945884395	5373.99453550136	5389.82039364175	6858.38359811939	4950.32590349256	5076.42377229676	4240.67800545209	9658.73417177019	7182.49776048458	23909.5816228746	11910.4315117923	8988.32725490943	14635.5808972391	6648.07797737119	5438.85514834973	3386.4700604092	3491.91584502515	5317.89219231041	4436.05698642422	4276.74777798114	9502.8320145222	5927.06383030669	5016.01270297845	5092.20839719423	4196.84858926974	3626.56405121006	3882.20483110218	4174.64133463317	4348.71175611767	4223.03215144721	4188.66571686721	4886.96495540738	6666.72980878094	5068.26579700415	6675.91434845645	3960.87733139871	4906.36820326171	4324.12821849622	3992.49576350452	8980.32725656059	5506.29693632582	5891.90409877312	4754.8694094843	4353.75024926951	5005.8787786947	8764.53502083505	4300.00758700668	4361.40197158439	4848.7260932428	3557.70415234896	3997.95635669577	3804.93792305709	6920.61057298471	5392.50780511679	3781.1721330715	5476.58484920101	4920.93358429131	4987.51643893739	7382.50080447199	7871.28779852907	5929.40748086321	3837.94593682771	4364.20330877634	4277.62414618671	5268.6996172551	4658.50931639875	3331.21240955731	5641.14188008803	4555.15104977182	3435.64668744632	5247.20576246144	8323.13899143805	5528.78463628195	4957.53405510575	6887.21213334465	5872.59329303645	3826.58051393967	3385.45585822383	5241.81077628377	5315.50792887609	5929.80114211259	3935.91374856615	2927.95725000497	6704.46735622579	5053.70255088628	5590.09436889969	6498.67195798317	13385.2212486972
Stress Response, Defense and Virulence	76283.2099050186	99247.0513747783	82740.2232747087	85747.0846621014	80993.759116794	83791.394069407	77254.0741517801	114918.792302039	75172.7853333545	104247.263401537	90103.3643839983	76127.726042911	68950.4563925353	74704.967504915	79104.6155602664	87723.816995978	77668.6999644203	80470.7477026104	83966.6191436834	77070.1704583544	87196.5892874557	115249.056414034	79190.4507018732	77992.5815729873	82315.5548065838	80217.5661375054	90470.7034951136	73445.8165182334	70463.3922528283	78623.6743697228	59838.7194563335	65810.879866077	76214.0136910195	76987.8588886661	63825.22168203	62568.9869320456	68013.8721172606	83789.504869154	74674.6157095704	83243.5813305347	79310.8935572709	82850.7136344528	70883.7869925721	69436.68144488	74356.9654102979	73729.2941019062	78660.9548886318	78492.5430210996	82908.4880218203	90488.0289136061	75905.3778549288	75790.3708928054	84839.8859327432	77718.3127183036	72595.9565001784	79659.4545264123	68567.3765597524	79697.6686482628	78405.6703444268	66535.4607736314	77619.9116415471	69662.0745938657	77468.8064109042	72120.2305376363	82859.8125005136	77982.4581258359	78959.0459914895	70067.2202422991	69522.1307206943	76573.7170261171	69137.7823307964	79051.5291396363	79451.1330284551	79658.8672039876	73432.5098627538	76728.6428068742	76825.0316766526	79851.4394554122	79302.7238403935	76569.4811154956	76517.4378768657	77053.1278630397	73036.0846694025	72907.1323645473	78265.0680109049	76544.0586778774	74494.7544514166	82966.9621272868	72414.5249611814	58816.0233175928	78821.2274468481	78800.9913988981	75315.3689537595	75465.1666278351	73517.298098166	71270.1441679305	74112.1166784352	73426.2933034169	74266.3895983406	65857.8971738811	85182.1588252176	70396.1216574663	74392.6255483951	76741.4867603888	79359.6897905353	77834.1195071071	79147.4041720599	83188.7855562613	77511.901722847	65830.3247320032	76755.5872552585	78869.1332526031	79908.0792688988	82409.0367995326	78713.9558835002	74229.1478313765	83419.1217415874	78131.4108394885	78629.2597778523	79873.376668029	75919.6276497746	120875.015627812	78592.8060995381	75514.1345420354	71434.9459605016	82396.9014598677	78070.0184598925
Sulfur Metabolism	3653.89400511264	4102.77501311281	10991.0087652162	8808.93215014214	10748.3926708431	8453.01647445135	3805.44166483974	4892.81051667578	3120.56093751505	3992.95328625928	3583.02482875082	3760.73667799524	3579.14109476992	3591.31780299617	4526.80471876866	3477.04670025129	4352.78589353809	3281.16346952795	3482.30111964302	3635.68034659754	2928.88839883928	4047.87435388282	3408.10537160149	3635.61034025585	3389.86809826122	3932.05440170482	3652.54290445582	3521.71234258065	3440.06588206681	3517.97479728595	2293.97581188394	2398.32387086344	7616.48791181941	3311.14421688388	5509.7538866005	2636.05190724081	3124.72799553909	4857.51388754811	3657.50646375555	3900.69205909694	4248.60047431429	4264.91873056774	3933.24079247822	3127.98479818518	3842.17855567448	3734.76937707216	7708.77382128694	3712.05394589203	9903.09740097107	5953.60373295347	4421.07509167081	6065.12671883534	3779.58353610091	5028.47875385654	3211.02058311615	3520.95941999432	3941.77751330109	3601.43666188892	3624.6162528766	4563.06518573168	4317.22330789934	3575.29424934778	3917.98355432919	3065.64528162802	3762.03558634253	3533.03466275056	4000.09482415746	3128.58953329178	3232.8951056881	3375.90837097355	3074.19501480645	4852.92096130359	4219.28249006415	4937.06289268377	3516.23832141857	3583.65658816516	3858.11660891532	3847.2070578472	5732.66151830107	4150.61952679438	4157.23452988905	3634.62508376819	3553.8680080084	3705.99279563988	6466.20294100746	3765.64322580124	3510.81157571758	4084.90228961921	3331.31401035004	1791.45397048848	3334.56205574802	4829.80217341472	3904.00588329339	3747.99763028277	4224.45780903101	3922.23201868319	3880.0221832612	4469.64931515573	4914.88183424877	3583.4878032513	3510.42357066592	2880.42361736035	4144.92566941308	3861.57199305745	3704.6379660779	2933.56377405402	4013.58401140711	3569.37870524123	3805.3557807031	3679.95416773044	5127.70667106832	4412.905741736	3857.14543638957	4249.63345591446	4195.73964460621	3739.91579846717	3923.55535914315	3989.21618136744	4175.06657292136	4694.91441223869	3347.87492782826	4694.86891541587	4013.33093839117	3421.5494009441	4325.71624199643	4166.57680567059	7584.19527120024
